{
  "avg_section_depth": 35772878.71136281,
  "delivery_time_stats": {
    "max": 526,
    "mean": 245.958,
    "median": 251,
    "p95": 438
  },
  "execution_time": 0.322197577,
  "heap_extracts": 3002,
  "heap_inserts": 3019,
  "max_section_depth": 858862860,
  "packages_moved": 2740,
  "peak_memory_kb": 3548,
  "re_storage_events": 3,
  "stack_pops": 1370,
  "stack_pops_rearmazenado": 0,
  "stack_pushes": 1370,
  "storage_time_stats": {
    "max": 427,
    "mean": 94.29041697147038,
    "median": 66,
    "p95": 292
  },
  "transit_time_stats": {
    "max": 179,
    "mean": 69.96269202633503,
    "median": 80,
    "p95": 88
  },
  "transport_capacity": 5,
  "transport_events": 1117,
  "transport_utilization": 49.059982094897045
}