{
  "avg_section_depth": 13283164.79914078,
  "delivery_time_stats": {
    "max": 3391,
    "mean": 1238.223,
    "median": 1068,
    "p95": 3096
  },
  "execution_time": 0.962333514,
  "heap_extracts": 4762,
  "heap_inserts": 4779,
  "max_section_depth": 858862865,
  "packages_moved": 24826,
  "peak_memory_kb": 3808,
  "re_storage_events": 9696,
  "stack_pops": 12413,
  "stack_pops_rearmazenado": 0,
  "stack_pushes": 12413,
  "storage_time_stats": {
    "max": 3292,
    "mean": 614.5804195804196,
    "median": 119,
    "p95": 2726
  },
  "transit_time_stats": {
    "max": 2229,
    "mean": 435.7316893632683,
    "median": 112,
    "p95": 1680
  },
  "transport_capacity": 5,
  "transport_events": 1027,
  "transport_utilization": 483.4664070107108
}