{
  "avg_section_depth": 350886465.05586725,
  "delivery_time_stats": {
    "max": 910,
    "mean": 399.624,
    "median": 382,
    "p95": 773
  },
  "execution_time": 0.977162271,
  "heap_extracts": 10099,
  "heap_inserts": 10136,
  "max_section_depth": 1397863958,
  "packages_moved": 8568,
  "peak_memory_kb": 4116,
  "re_storage_events": 12,
  "stack_pops": 4284,
  "stack_pops_rearmazenado": 0,
  "stack_pushes": 4284,
  "storage_time_stats": {
    "max": 810,
    "mean": 191.46020599250937,
    "median": 151,
    "p95": 557
  },
  "transit_time_stats": {
    "max": 179,
    "mean": 73.54494382022472,
    "median": 80,
    "p95": 83
  },
  "transport_capacity": 5,
  "transport_events": 4789,
  "transport_utilization": 35.78200041762372
}