{
  "avg_section_depth": 33748927.22915901,
  "delivery_time_stats": {
    "max": 551,
    "mean": 244.494,
    "median": 248,
    "p95": 438
  },
  "execution_time": 0.647061606,
  "heap_extracts": 6220,
  "heap_inserts": 6237,
  "max_section_depth": 858862861,
  "packages_moved": 5458,
  "peak_memory_kb": 3812,
  "re_storage_events": 12,
  "stack_pops": 2729,
  "stack_pops_rearmazenado": 0,
  "stack_pushes": 2729,
  "storage_time_stats": {
    "max": 451,
    "mean": 93.59624585940375,
    "median": 67,
    "p95": 294
  },
  "transit_time_stats": {
    "max": 181,
    "mean": 69.98675009201325,
    "median": 80,
    "p95": 90
  },
  "transport_capacity": 5,
  "transport_events": 2485,
  "transport_utilization": 43.927565392354126
}