{
  "avg_section_depth": 33823455.14262053,
  "delivery_time_stats": {
    "max": 172,
    "mean": 87.635,
    "median": 88,
    "p95": 146
  },
  "execution_time": 0.875960466,
  "heap_extracts": 11008,
  "heap_inserts": 11025,
  "max_section_depth": 858862860,
  "packages_moved": 5434,
  "peak_memory_kb": 3696,
  "re_storage_events": 0,
  "stack_pops": 2717,
  "stack_pops_rearmazenado": 0,
  "stack_pushes": 2717,
  "storage_time_stats": {
    "max": 140,
    "mean": 37.43209422156791,
    "median": 35,
    "p95": 103
  },
  "transit_time_stats": {
    "max": 33,
    "mean": 12.254324622745676,
    "median": 10,
    "p95": 27
  },
  "transport_capacity": 5,
  "transport_events": 7273,
  "transport_utilization": 14.942939639763509
}