{
  "avg_section_depth": 33792361.98676227,
  "delivery_time_stats": {
    "max": 383,
    "mean": 177.048,
    "median": 177,
    "p95": 310
  },
  "execution_time": 0.588384471,
  "heap_extracts": 6886,
  "heap_inserts": 6903,
  "max_section_depth": 858862860,
  "packages_moved": 5444,
  "peak_memory_kb": 3728,
  "re_storage_events": 5,
  "stack_pops": 2722,
  "stack_pops_rearmazenado": 0,
  "stack_pushes": 2722,
  "storage_time_stats": {
    "max": 313,
    "mean": 70.17482517482517,
    "median": 53,
    "p95": 216
  },
  "transit_time_stats": {
    "max": 118,
    "mean": 45.16304747883695,
    "median": 50,
    "p95": 63
  },
  "transport_capacity": 5,
  "transport_events": 3151,
  "transport_utilization": 34.554109806410665
}