{
  "avg_section_depth": 1.1065939514129897,
  "delivery_time_stats": {
    "max": 1383,
    "mean": 547.7857142857143,
    "median": 528,
    "p95": 1064
  },
  "execution_time": 0.873925783,
  "heap_extracts": 19237,
  "heap_inserts": 19290,
  "max_section_depth": 6,
  "packages_moved": 16148,
  "peak_memory_kb": 25416,
  "re_storage_events": 12,
  "stack_pops": 8074,
  "stack_pops_rearmazenado": 0,
  "stack_pushes": 8074,
  "storage_time_stats": {
    "max": 1283,
    "mean": 288.9181344579509,
    "median": 235,
    "p95": 791
  },
  "transit_time_stats": {
    "max": 177,
    "mean": 75.12527908707517,
    "median": 80,
    "p95": 82
  },
  "transport_capacity": 5,
  "transport_events": 9721,
  "transport_utilization": 33.2229194527312
}