{
  "avg_section_depth": 1.0912661011624254,
  "delivery_time_stats": {
    "max": 1381,
    "mean": 540.3982142857143,
    "median": 515,
    "p95": 1066
  },
  "execution_time": 0.333890105,
  "heap_extracts": 8008,
  "heap_inserts": 8061,
  "max_section_depth": 6,
  "packages_moved": 6370,
  "peak_memory_kb": 24936,
  "re_storage_events": 4,
  "stack_pops": 3185,
  "stack_pops_rearmazenado": 0,
  "stack_pushes": 3185,
  "storage_time_stats": {
    "max": 1281,
    "mean": 286.36340773341715,
    "median": 232,
    "p95": 786
  },
  "transit_time_stats": {
    "max": 176,
    "mean": 75.13454888399875,
    "median": 80,
    "p95": 82
  },
  "transport_capacity": 5,
  "transport_events": 4213,
  "transport_utilization": 30.239734156183243
}