{
  "avg_section_depth": 32856035.39363604,
  "delivery_time_stats": {
    "max": 620,
    "mean": 260.829,
    "median": 267,
    "p95": 473
  },
  "execution_time": 0.568837693,
  "heap_extracts": 5068,
  "heap_inserts": 5085,
  "max_section_depth": 858862861,
  "packages_moved": 5754,
  "peak_memory_kb": 3744,
  "re_storage_events": 160,
  "stack_pops": 2877,
  "stack_pops_rearmazenado": 0,
  "stack_pushes": 2877,
  "storage_time_stats": {
    "max": 521,
    "mean": 102.06256900993743,
    "median": 75,
    "p95": 313
  },
  "transit_time_stats": {
    "max": 231,
    "mean": 75.9988958410011,
    "median": 79,
    "p95": 127
  },
  "transport_capacity": 5,
  "transport_events": 1333,
  "transport_utilization": 86.33158289572393
}