{
  "avg_section_depth": 63103586.64789447,
  "delivery_time_stats": {
    "max": 1927,
    "mean": 739.2922222222222,
    "median": 691,
    "p95": 1546
  },
  "execution_time": 3.244753506,
  "heap_extracts": 32033,
  "heap_inserts": 32102,
  "max_section_depth": 858862862,
  "packages_moved": 27624,
  "peak_memory_kb": 4568,
  "re_storage_events": 30,
  "stack_pops": 13812,
  "stack_pops_rearmazenado": 0,
  "stack_pushes": 13812,
  "storage_time_stats": {
    "max": 1827,
    "mean": 438.9180089972428,
    "median": 359,
    "p95": 1185
  },
  "transit_time_stats": {
    "max": 180,
    "mean": 76.5553620664635,
    "median": 80,
    "p95": 82
  },
  "transport_capacity": 5,
  "transport_events": 16381,
  "transport_utilization": 33.72687870093401
}