{
  "avg_section_depth": 52592097.27604938,
  "delivery_time_stats": {
    "max": 519,
    "mean": 228.545,
    "median": 220,
    "p95": 472
  },
  "execution_time": 0.261497695,
  "heap_extracts": 2137,
  "heap_inserts": 2150,
  "max_section_depth": 858862861,
  "packages_moved": 2034,
  "peak_memory_kb": 3476,
  "re_storage_events": 9,
  "stack_pops": 1017,
  "stack_pops_rearmazenado": 0,
  "stack_pushes": 1017,
  "storage_time_stats": {
    "max": 420,
    "mean": 92.83829365079364,
    "median": 64,
    "p95": 310
  },
  "transit_time_stats": {
    "max": 182,
    "mean": 70.69246031746032,
    "median": 80,
    "p95": 93
  },
  "transport_capacity": 5,
  "transport_events": 715,
  "transport_utilization": 56.89510489510489
}