{
  "avg_section_depth": 1.1223320158102768,
  "delivery_time_stats": {
    "max": 716,
    "mean": 309.91333333333336,
    "median": 313,
    "p95": 582
  },
  "execution_time": 0.284669247,
  "heap_extracts": 5993,
  "heap_inserts": 6020,
  "max_section_depth": 7,
  "packages_moved": 5068,
  "peak_memory_kb": 25416,
  "re_storage_events": 8,
  "stack_pops": 2534,
  "stack_pops_rearmazenado": 0,
  "stack_pushes": 2534,
  "storage_time_stats": {
    "max": 616,
    "mean": 134.44893111638956,
    "median": 102,
    "p95": 395
  },
  "transit_time_stats": {
    "max": 180,
    "mean": 72.01702296120348,
    "median": 80,
    "p95": 87
  },
  "transport_capacity": 5,
  "transport_events": 2689,
  "transport_utilization": 37.69431015247304
}