{
  "avg_section_depth": 1.0998419767274816,
  "delivery_time_stats": {
    "max": 819,
    "mean": 359.15222222222224,
    "median": 368,
    "p95": 649
  },
  "execution_time": 0.382110784,
  "heap_extracts": 8185,
  "heap_inserts": 8218,
  "max_section_depth": 7,
  "packages_moved": 6970,
  "peak_memory_kb": 25416,
  "re_storage_events": 9,
  "stack_pops": 3485,
  "stack_pops_rearmazenado": 0,
  "stack_pushes": 3485,
  "storage_time_stats": {
    "max": 721,
    "mean": 164.66398158803221,
    "median": 129,
    "p95": 468
  },
  "transit_time_stats": {
    "max": 180,
    "mean": 72.99108170310701,
    "median": 80,
    "p95": 84
  },
  "transport_capacity": 5,
  "transport_events": 3775,
  "transport_utilization": 36.9271523178808
}