{
  "avg_section_depth": 2.6500133833894305e+15,
  "delivery_time_stats": {
    "max": 819,
    "mean": 359.15222222222224,
    "median": 368,
    "p95": 649
  },
  "execution_time": 0.826790443,
  "heap_extracts": 8185,
  "heap_inserts": 8218,
  "max_section_depth": 18446744072904412629,
  "packages_moved": 6970,
  "peak_memory_kb": 3692,
  "re_storage_events": 9,
  "stack_pops": 3485,
  "stack_pops_rearmazenado": 0,
  "stack_pushes": 3485,
  "storage_time_stats": {
    "max": 721,
    "mean": 164.66398158803221,
    "median": 129,
    "p95": 468
  },
  "transit_time_stats": {
    "max": 180,
    "mean": 72.99108170310701,
    "median": 80,
    "p95": 84
  },
  "transport_capacity": 5,
  "transport_events": 3775,
  "transport_utilization": 36.9271523178808
}