{
  "avg_section_depth": 1.1660092415192156,
  "delivery_time_stats": {
    "max": 1700,
    "mean": 664.9515625,
    "median": 631,
    "p95": 1364
  },
  "execution_time": 0.468128782,
  "heap_extracts": 10652,
  "heap_inserts": 10713,
  "max_section_depth": 7,
  "packages_moved": 8884,
  "peak_memory_kb": 24936,
  "re_storage_events": 11,
  "stack_pops": 4442,
  "stack_pops_rearmazenado": 0,
  "stack_pushes": 4442,
  "storage_time_stats": {
    "max": 1600,
    "mean": 389.7740916271722,
    "median": 316,
    "p95": 1051
  },
  "transit_time_stats": {
    "max": 180,
    "mean": 76.04355675919658,
    "median": 80,
    "p95": 82
  },
  "transport_capacity": 5,
  "transport_events": 5519,
  "transport_utilization": 32.19423808660989
}