{
  "avg_section_depth": 328905455.1127068,
  "delivery_time_stats": {
    "max": 1701,
    "mean": 658.504375,
    "median": 600,
    "p95": 1356
  },
  "execution_time": 2.560060457,
  "heap_extracts": 25175,
  "heap_inserts": 25236,
  "max_section_depth": 1577015159,
  "packages_moved": 22032,
  "peak_memory_kb": 4600,
  "re_storage_events": 28,
  "stack_pops": 11016,
  "stack_pops_rearmazenado": 0,
  "stack_pushes": 11016,
  "storage_time_stats": {
    "max": 1601,
    "mean": 383.09765198398253,
    "median": 309,
    "p95": 1047
  },
  "transit_time_stats": {
    "max": 181,
    "mean": 75.88705860939207,
    "median": 80,
    "p95": 82
  },
  "transport_capacity": 5,
  "transport_events": 12525,
  "transport_utilization": 35.18083832335329
}