{
  "avg_section_depth": 40251197.221842125,
  "delivery_time_stats": {
    "max": 5233,
    "mean": 2091.58,
    "median": 1830,
    "p95": 4782
  },
  "execution_time": 1.354269274,
  "heap_extracts": 4744,
  "heap_inserts": 4761,
  "max_section_depth": 858862942,
  "packages_moved": 41338,
  "peak_memory_kb": 3748,
  "re_storage_events": 17952,
  "stack_pops": 20669,
  "stack_pops_rearmazenado": 0,
  "stack_pushes": 20669,
  "storage_time_stats": {
    "max": 5134,
    "mean": 1182.5362532204638,
    "median": 695,
    "p95": 4075
  },
  "transit_time_stats": {
    "max": 2679,
    "mean": 749.8122929701877,
    "median": 562,
    "p95": 2061
  },
  "transport_capacity": 5,
  "transport_events": 1009,
  "transport_utilization": 819.3855302279485
}