{
  "avg_section_depth": 1.1303786574870913,
  "delivery_time_stats": {
    "max": 1117,
    "mean": 455.54375,
    "median": 458,
    "p95": 871
  },
  "execution_time": 0.251052319,
  "heap_extracts": 5884,
  "heap_inserts": 5929,
  "max_section_depth": 7,
  "packages_moved": 4654,
  "peak_memory_kb": 24936,
  "re_storage_events": 6,
  "stack_pops": 2327,
  "stack_pops_rearmazenado": 0,
  "stack_pushes": 2327,
  "storage_time_stats": {
    "max": 1017,
    "mean": 227.67514002585094,
    "median": 182,
    "p95": 619
  },
  "transit_time_stats": {
    "max": 179,
    "mean": 74.20982335200344,
    "median": 80,
    "p95": 83
  },
  "transport_capacity": 5,
  "transport_events": 3037,
  "transport_utilization": 30.648666447151793
}