{
  "avg_section_depth": 1.1145983543981677,
  "delivery_time_stats": {
    "max": 1117,
    "mean": 462.67833333333334,
    "median": 459,
    "p95": 859
  },
  "execution_time": 0.671246617,
  "heap_extracts": 14406,
  "heap_inserts": 14451,
  "max_section_depth": 7,
  "packages_moved": 11796,
  "peak_memory_kb": 25416,
  "re_storage_events": 7,
  "stack_pops": 5898,
  "stack_pops_rearmazenado": 0,
  "stack_pushes": 5898,
  "storage_time_stats": {
    "max": 1017,
    "mean": 230.98455270751995,
    "median": 188,
    "p95": 622
  },
  "transit_time_stats": {
    "max": 179,
    "mean": 74.24783568154812,
    "median": 80,
    "p95": 83
  },
  "transport_capacity": 5,
  "transport_events": 7269,
  "transport_utilization": 32.45563351217499
}