{
  "avg_section_depth": 33786150.285661764,
  "delivery_time_stats": {
    "max": 471,
    "mean": 221.884,
    "median": 223,
    "p95": 400
  },
  "execution_time": 0.761492829,
  "heap_extracts": 6202,
  "heap_inserts": 6219,
  "max_section_depth": 858862861,
  "packages_moved": 5446,
  "peak_memory_kb": 3680,
  "re_storage_events": 6,
  "stack_pops": 2723,
  "stack_pops_rearmazenado": 0,
  "stack_pushes": 2723,
  "storage_time_stats": {
    "max": 383,
    "mean": 85.97055576002944,
    "median": 61,
    "p95": 266
  },
  "transit_time_stats": {
    "max": 158,
    "mean": 61.665071770334926,
    "median": 70,
    "p95": 80
  },
  "transport_capacity": 5,
  "transport_events": 2467,
  "transport_utilization": 44.15079043372517
}