{
  "avg_section_depth": 33798576.13313718,
  "delivery_time_stats": {
    "max": 403,
    "mean": 187.588,
    "median": 188,
    "p95": 336
  },
  "execution_time": 0.632250267,
  "heap_extracts": 6670,
  "heap_inserts": 6687,
  "max_section_depth": 858862860,
  "packages_moved": 5442,
  "peak_memory_kb": 3800,
  "re_storage_events": 4,
  "stack_pops": 2721,
  "stack_pops_rearmazenado": 0,
  "stack_pushes": 2721,
  "storage_time_stats": {
    "max": 328,
    "mean": 73.45454545454545,
    "median": 53,
    "p95": 224
  },
  "transit_time_stats": {
    "max": 128,
    "mean": 49.04232609495767,
    "median": 55,
    "p95": 66
  },
  "transport_capacity": 5,
  "transport_events": 2935,
  "transport_utilization": 37.08347529812607
}