{
  "avg_section_depth": 33823455.02263526,
  "delivery_time_stats": {
    "max": 157,
    "mean": 79.789,
    "median": 84,
    "p95": 142
  },
  "execution_time": 1.273342386,
  "heap_extracts": 18316,
  "heap_inserts": 18333,
  "max_section_depth": 858862859,
  "packages_moved": 5434,
  "peak_memory_kb": 3764,
  "re_storage_events": 0,
  "stack_pops": 2717,
  "stack_pops_rearmazenado": 0,
  "stack_pushes": 2717,
  "storage_time_stats": {
    "max": 125,
    "mean": 32.35627530364373,
    "median": 28,
    "p95": 92
  },
  "transit_time_stats": {
    "max": 18,
    "mean": 9.366580787633419,
    "median": 10,
    "p95": 14
  },
  "transport_capacity": 5,
  "transport_events": 14581,
  "transport_utilization": 7.453535422810507
}