{
  "avg_section_depth": 33637748.7227306,
  "delivery_time_stats": {
    "max": 643,
    "mean": 292.802,
    "median": 295,
    "p95": 520
  },
  "execution_time": 0.608121226,
  "heap_extracts": 5590,
  "heap_inserts": 5607,
  "max_section_depth": 858862861,
  "packages_moved": 5494,
  "peak_memory_kb": 3812,
  "re_storage_events": 30,
  "stack_pops": 2747,
  "stack_pops_rearmazenado": 0,
  "stack_pushes": 2747,
  "storage_time_stats": {
    "max": 523,
    "mean": 111.80272359219728,
    "median": 78,
    "p95": 352
  },
  "transit_time_stats": {
    "max": 222,
    "mean": 87.76665439823334,
    "median": 99,
    "p95": 110
  },
  "transport_capacity": 5,
  "transport_events": 1855,
  "transport_utilization": 59.23450134770889
}