{
  "avg_section_depth": 1.3185576077396657,
  "delivery_time_stats": {
    "max": 723,
    "mean": 269.053,
    "median": 272,
    "p95": 495
  },
  "execution_time": 0.314874765,
  "heap_extracts": 5968,
  "heap_inserts": 5985,
  "max_section_depth": 8,
  "packages_moved": 5936,
  "peak_memory_kb": 25416,
  "re_storage_events": 251,
  "stack_pops": 2968,
  "stack_pops_rearmazenado": 0,
  "stack_pushes": 2968,
  "storage_time_stats": {
    "max": 626,
    "mean": 105.71512697828487,
    "median": 73,
    "p95": 328
  },
  "transit_time_stats": {
    "max": 279,
    "mean": 79.02576370997424,
    "median": 80,
    "p95": 179
  },
  "transport_capacity": 3,
  "transport_events": 2233,
  "transport_utilization": 88.61024033437826
}