{
  "avg_section_depth": 30.41919875130073,
  "delivery_time_stats": {
    "max": 4325,
    "mean": 1661.526,
    "median": 1471,
    "p95": 3973
  },
  "execution_time": 0.885900337,
  "heap_extracts": 4744,
  "heap_inserts": 4761,
  "max_section_depth": 134,
  "packages_moved": 33006,
  "peak_memory_kb": 25416,
  "re_storage_events": 13786,
  "stack_pops": 16503,
  "stack_pops_rearmazenado": 0,
  "stack_pushes": 16503,
  "storage_time_stats": {
    "max": 4227,
    "mean": 880.7515642252484,
    "median": 359,
    "p95": 3393
  },
  "transit_time_stats": {
    "max": 2679,
    "mean": 591.5296282664704,
    "median": 305,
    "p95": 1952
  },
  "transport_capacity": 5,
  "transport_events": 1009,
  "transport_utilization": 654.2319127849356
}