{
  "avg_section_depth": 0.995502977757971,
  "delivery_time_stats": {
    "max": 1322,
    "mean": 589.2565,
    "median": 586,
    "p95": 1062
  },
  "execution_time": 1.534884009,
  "heap_extracts": 34070,
  "heap_inserts": 34147,
  "max_section_depth": 7,
  "packages_moved": 24696,
  "peak_memory_kb": 25416,
  "re_storage_events": 13,
  "stack_pops": 12348,
  "stack_pops_rearmazenado": 0,
  "stack_pushes": 12348,
  "storage_time_stats": {
    "max": 1222,
    "mean": 297.45780299959466,
    "median": 254,
    "p95": 782
  },
  "transit_time_stats": {
    "max": 181,
    "mean": 75.54219700040535,
    "median": 80,
    "p95": 82
  },
  "transport_capacity": 5,
  "transport_events": 19657,
  "transport_utilization": 25.126926794526124
}