{
  "avg_section_depth": 4.455428067078553,
  "delivery_time_stats": {
    "max": 1082,
    "mean": 380.736,
    "median": 363,
    "p95": 812
  },
  "execution_time": 0.200545648,
  "heap_extracts": 2390,
  "heap_inserts": 2407,
  "max_section_depth": 26,
  "packages_moved": 4064,
  "peak_memory_kb": 24936,
  "re_storage_events": 665,
  "stack_pops": 2032,
  "stack_pops_rearmazenado": 0,
  "stack_pushes": 2032,
  "storage_time_stats": {
    "max": 984,
    "mean": 157.13167520117045,
    "median": 87,
    "p95": 560
  },
  "transit_time_stats": {
    "max": 585,
    "mean": 119.25969275786393,
    "median": 80,
    "p95": 314
  },
  "transport_capacity": 5,
  "transport_events": 505,
  "transport_utilization": 160.95049504950495
}