{
  "avg_section_depth": 7.66436203645506,
  "delivery_time_stats": {
    "max": 1498,
    "mean": 498.66,
    "median": 434,
    "p95": 1119
  },
  "execution_time": 0.40007422,
  "heap_extracts": 4762,
  "heap_inserts": 4779,
  "max_section_depth": 52,
  "packages_moved": 10476,
  "peak_memory_kb": 25192,
  "re_storage_events": 2521,
  "stack_pops": 5238,
  "stack_pops_rearmazenado": 0,
  "stack_pushes": 5238,
  "storage_time_stats": {
    "max": 1399,
    "mean": 211.28266470371733,
    "median": 86,
    "p95": 879
  },
  "transit_time_stats": {
    "max": 1079,
    "mean": 163.53330879646668,
    "median": 80,
    "p95": 603
  },
  "transport_capacity": 5,
  "transport_events": 1027,
  "transport_utilization": 204.01168451801362
}