{
  "avg_section_depth": 33557907.265838966,
  "delivery_time_stats": {
    "max": 529,
    "mean": 248.235,
    "median": 252,
    "p95": 440
  },
  "execution_time": 0.603122868,
  "heap_extracts": 5950,
  "heap_inserts": 5967,
  "max_section_depth": 858862860,
  "packages_moved": 5520,
  "peak_memory_kb": 3652,
  "re_storage_events": 43,
  "stack_pops": 2760,
  "stack_pops_rearmazenado": 0,
  "stack_pushes": 2760,
  "storage_time_stats": {
    "max": 430,
    "mean": 95.71255060728745,
    "median": 69,
    "p95": 297
  },
  "transit_time_stats": {
    "max": 182,
    "mean": 71.36363636363636,
    "median": 80,
    "p95": 93
  },
  "transport_capacity": 4,
  "transport_events": 2215,
  "transport_utilization": 62.30248306997743
}