{
  "avg_section_depth": 33804792.430016555,
  "delivery_time_stats": {
    "max": 538,
    "mean": 242.229,
    "median": 247,
    "p95": 440
  },
  "execution_time": 0.699468897,
  "heap_extracts": 7300,
  "heap_inserts": 7317,
  "max_section_depth": 858862860,
  "packages_moved": 5440,
  "peak_memory_kb": 3820,
  "re_storage_events": 3,
  "stack_pops": 2720,
  "stack_pops_rearmazenado": 0,
  "stack_pushes": 2720,
  "storage_time_stats": {
    "max": 439,
    "mean": 93.31873389768127,
    "median": 65,
    "p95": 297
  },
  "transit_time_stats": {
    "max": 179,
    "mean": 69.1531100478469,
    "median": 80,
    "p95": 88
  },
  "transport_capacity": 5,
  "transport_events": 3565,
  "transport_utilization": 30.518934081346423
}