{
  "avg_section_depth": 3.3514674302075877,
  "delivery_time_stats": {
    "max": 1718,
    "mean": 537.414,
    "median": 450,
    "p95": 1311
  },
  "execution_time": 0.214108655,
  "heap_extracts": 3128,
  "heap_inserts": 3145,
  "max_section_depth": 24,
  "packages_moved": 5648,
  "peak_memory_kb": 24936,
  "re_storage_events": 1457,
  "stack_pops": 2824,
  "stack_pops_rearmazenado": 0,
  "stack_pushes": 2824,
  "storage_time_stats": {
    "max": 1619,
    "mean": 222.9407461594733,
    "median": 99,
    "p95": 916
  },
  "transit_time_stats": {
    "max": 1192,
    "mean": 176.5669348939283,
    "median": 81,
    "p95": 585
  },
  "transport_capacity": 2,
  "transport_events": 1243,
  "transport_utilization": 227.19227674979888
}