{
  "avg_section_depth": 19044281.945258364,
  "delivery_time_stats": {
    "max": 2379,
    "mean": 712.309,
    "median": 537,
    "p95": 1700
  },
  "execution_time": 0.845557673,
  "heap_extracts": 6274,
  "heap_inserts": 6291,
  "max_section_depth": 858862860,
  "packages_moved": 14770,
  "peak_memory_kb": 3724,
  "re_storage_events": 4668,
  "stack_pops": 7385,
  "stack_pops_rearmazenado": 0,
  "stack_pushes": 7385,
  "storage_time_stats": {
    "max": 2279,
    "mean": 299.46963562753035,
    "median": 94,
    "p95": 1343
  },
  "transit_time_stats": {
    "max": 1879,
    "mean": 242.16746411483254,
    "median": 81,
    "p95": 1000
  },
  "transport_capacity": 2,
  "transport_events": 2539,
  "transport_utilization": 290.86254430878296
}