{
  "avg_section_depth": 28.610334381917745,
  "delivery_time_stats": {
    "max": 3880,
    "mean": 1449.581,
    "median": 1286,
    "p95": 3523
  },
  "execution_time": 0.79503045,
  "heap_extracts": 4762,
  "heap_inserts": 4779,
  "max_section_depth": 130,
  "packages_moved": 28898,
  "peak_memory_kb": 25416,
  "re_storage_events": 11732,
  "stack_pops": 14449,
  "stack_pops_rearmazenado": 0,
  "stack_pushes": 14449,
  "storage_time_stats": {
    "max": 3781,
    "mean": 740.5612808244388,
    "median": 207,
    "p95": 3145
  },
  "transit_time_stats": {
    "max": 2584,
    "mean": 513.5226352594774,
    "median": 190,
    "p95": 1856
  },
  "transport_capacity": 5,
  "transport_events": 1027,
  "transport_utilization": 562.7653359298929
}