{
  "avg_section_depth": 1.1327116212338595,
  "delivery_time_stats": {
    "max": 810,
    "mean": 382.4294117647059,
    "median": 368,
    "p95": 713
  },
  "execution_time": 0.177091419,
  "heap_extracts": 3236,
  "heap_inserts": 3267,
  "max_section_depth": 7,
  "packages_moved": 2794,
  "peak_memory_kb": 24936,
  "re_storage_events": 6,
  "stack_pops": 1397,
  "stack_pops_rearmazenado": 0,
  "stack_pushes": 1397,
  "storage_time_stats": {
    "max": 712,
    "mean": 182.5664989216391,
    "median": 142,
    "p95": 519
  },
  "transit_time_stats": {
    "max": 179,
    "mean": 73.4766355140187,
    "median": 80,
    "p95": 84
  },
  "transport_capacity": 5,
  "transport_events": 1473,
  "transport_utilization": 37.93618465716225
}