{
  "avg_section_depth": 1.159613956941351,
  "delivery_time_stats": {
    "max": 821,
    "mean": 368.5270588235294,
    "median": 360,
    "p95": 713
  },
  "execution_time": 0.358691656,
  "heap_extracts": 7604,
  "heap_inserts": 7635,
  "max_section_depth": 7,
  "packages_moved": 6748,
  "peak_memory_kb": 25416,
  "re_storage_events": 13,
  "stack_pops": 3374,
  "stack_pops_rearmazenado": 0,
  "stack_pushes": 3374,
  "storage_time_stats": {
    "max": 722,
    "mean": 175.59714370723,
    "median": 137,
    "p95": 507
  },
  "transit_time_stats": {
    "max": 180,
    "mean": 73.20083308539125,
    "median": 80,
    "p95": 84
  },
  "transport_capacity": 5,
  "transport_events": 3361,
  "transport_utilization": 40.15471585837548
}