{
  "avg_section_depth": 33811011.109087564,
  "delivery_time_stats": {
    "max": 320,
    "mean": 154.69,
    "median": 156,
    "p95": 270
  },
  "execution_time": 0.628241865,
  "heap_extracts": 7390,
  "heap_inserts": 7407,
  "max_section_depth": 858862861,
  "packages_moved": 5438,
  "peak_memory_kb": 3728,
  "re_storage_events": 2,
  "stack_pops": 2719,
  "stack_pops_rearmazenado": 0,
  "stack_pushes": 2719,
  "storage_time_stats": {
    "max": 263,
    "mean": 61.66433566433567,
    "median": 49,
    "p95": 186
  },
  "transit_time_stats": {
    "max": 71,
    "mean": 36.93411851306588,
    "median": 40,
    "p95": 53
  },
  "transport_capacity": 5,
  "transport_events": 3655,
  "transport_utilization": 29.756497948016417
}