{
  "avg_section_depth": 33823454.991350755,
  "delivery_time_stats": {
    "max": 151,
    "mean": 77.299,
    "median": 83,
    "p95": 141
  },
  "execution_time": 1.592329087,
  "heap_extracts": 25624,
  "heap_inserts": 25641,
  "max_section_depth": 858862859,
  "packages_moved": 5434,
  "peak_memory_kb": 3816,
  "re_storage_events": 0,
  "stack_pops": 2717,
  "stack_pops_rearmazenado": 0,
  "stack_pushes": 2717,
  "storage_time_stats": {
    "max": 121,
    "mean": 30.77916820022083,
    "median": 25,
    "p95": 88
  },
  "transit_time_stats": {
    "max": 13,
    "mean": 8.45012881854987,
    "median": 10,
    "p95": 10
  },
  "transport_capacity": 5,
  "transport_events": 21889,
  "transport_utilization": 4.965050938827722
}