{
  "avg_section_depth": 16.83163705364844,
  "delivery_time_stats": {
    "max": 2559,
    "mean": 869.572,
    "median": 709,
    "p95": 2166
  },
  "execution_time": 0.545697438,
  "heap_extracts": 4762,
  "heap_inserts": 4779,
  "max_section_depth": 89,
  "packages_moved": 17754,
  "peak_memory_kb": 25416,
  "re_storage_events": 6160,
  "stack_pops": 8877,
  "stack_pops_rearmazenado": 0,
  "stack_pushes": 8877,
  "storage_time_stats": {
    "max": 2459,
    "mean": 402.68273831431725,
    "median": 102,
    "p95": 1753
  },
  "transit_time_stats": {
    "max": 1780,
    "mean": 300.0485829959514,
    "median": 93,
    "p95": 1253
  },
  "transport_capacity": 5,
  "transport_events": 1027,
  "transport_utilization": 345.744888023369
}