{
  "avg_section_depth": 135603545.87792566,
  "delivery_time_stats": {
    "max": 821,
    "mean": 336.18333333333334,
    "median": 320,
    "p95": 686
  },
  "execution_time": 0.469001093,
  "heap_extracts": 4536,
  "heap_inserts": 4557,
  "max_section_depth": 1171555798,
  "packages_moved": 4366,
  "peak_memory_kb": 3764,
  "re_storage_events": 8,
  "stack_pops": 2183,
  "stack_pops_rearmazenado": 0,
  "stack_pushes": 2183,
  "storage_time_stats": {
    "max": 722,
    "mean": 165.64183908045976,
    "median": 120,
    "p95": 496
  },
  "transit_time_stats": {
    "max": 181,
    "mean": 72.74022988505747,
    "median": 80,
    "p95": 85
  },
  "transport_capacity": 5,
  "transport_events": 1739,
  "transport_utilization": 50.212765957446805
}